"","Sample_ID","Sample_date","Sample_site","Project","Latitude","Longitude","Secchi_depth_m","Depth_m","Ave_temp"
"1","20110422-Mosquito_Site_1",2011-04-22,"Mosquito_Site_1","Reservoir",41.311782,-80.755009,NA,NA,0
"2","20110425-Berlin_Site_2",2011-04-25,"Berlin_Site_2","Reservoir",41.044204,-81.003526,NA,NA,0
"3","20110425-Raccoon_Creek_Site_1",2011-04-25,"Raccoon_Creek_Site_1","Reservoir",41.290113,-82.978627,NA,NA,0
"4","20110425-Willard_1_Rep_2",2011-04-25,"Willard_1_Rep_2","Reservoir",41.063275,-82.662544,NA,NA,0
"5","20110425-Willard_Site_1",2011-04-25,"Willard_Site_1","Reservoir",41.063275,-82.662544,NA,NA,0
"6","20110426-Defiance_W9",2011-04-26,"Defiance_W9","Reservoir",41.26751,-84.394521,NA,NA,0
"7","20110426-Delphos_Gilmore_Site_WQ",2011-04-26,"Delphos_Gilmore_Site_WQ","Reservoir",40.879415,-84.364513,NA,NA,0
"8","20110426-Findlay_Res_2_WQ",2011-04-26,"Findlay_Res_2_WQ","Reservoir",41.020428,-83.572988,NA,NA,0
"9","20110426-Lake_Lecomte_Site_WQ",2011-04-26,"Lake_Lecomte_Site_WQ","Reservoir",41.120706,-83.44357,NA,NA,0
"10","20110428-Mosquito_Res_Site_1",2011-04-28,"Mosquito_Res_Site_1","Reservoir",41.311782,-80.755009,NA,NA,0
"11","20110502-Berlin_1",2011-05-02,"Berlin_1","Reservoir",41.044204,-81.003526,NA,NA,0
"12","20110502-Defiance_Reservoir_Site_WQ",2011-05-02,"Defiance_Reservoir_Site_WQ","Reservoir",41.26751,-84.394521,NA,NA,0
"13","20110502-Delphos_Gilmore_Site_WQ",2011-05-02,"Delphos_Gilmore_Site_WQ","Reservoir",40.879415,-84.364513,NA,NA,0
"14","20110502-Findlay_Res_2_Site_WQ_A",2011-05-02,"Findlay_Res_2_Site_WQ_A","Reservoir",41.020428,-83.572988,NA,NA,0
"15","20110502-Findlay_Res_2_Site_WQ_B",2011-05-02,"Findlay_Res_2_Site_WQ_B","Reservoir",41.020428,-83.572988,NA,NA,0
"16","20110502-Lake_Lecomte_WQ",2011-05-02,"Lake_Lecomte_WQ","Reservoir",41.120706,-83.44357,NA,NA,0
"17","20110502-Raccoon_Creek_1",2011-05-02,"Raccoon_Creek_1","Reservoir",41.290113,-82.978627,NA,NA,0
"18","20110502-Willard_1_Rep_1",2011-05-02,"Willard_1_Rep_1","Reservoir",41.063275,-82.662544,NA,NA,0
"19","20110502-Willard_1_rep_2",2011-05-02,"Willard_1_rep_2","Reservoir",41.063275,-82.662544,NA,NA,0
"20","20110505-Mosquito_Run_Site_1",2011-05-05,"Mosquito_Run_Site_1","Reservoir",41.311782,-80.755009,NA,NA,0
"21","20110516-Findlay_Res_2_WQ_A",2011-05-16,"Findlay_Res_2_WQ_A","Reservoir",41.020428,-83.572988,NA,NA,0
"22","20110516-Findlay_Res_2_WQ_B",2011-05-16,"Findlay_Res_2_WQ_B","Reservoir",41.020428,-83.572988,NA,NA,0
"23","20110531-Findlay_Res_2_Site_WQ",2011-05-31,"Findlay_Res_2_Site_WQ","Reservoir",41.020428,-83.572988,NA,NA,0
"24","20110531-Findlay_Res_2_WQ",2011-05-31,"Findlay_Res_2_WQ","Reservoir",41.020428,-83.572988,NA,NA,0
"25","20110613-Findlay_Res_2_Site_WQ",2011-06-13,"Findlay_Res_2_Site_WQ","Reservoir",41.020428,-83.572988,NA,NA,0
"26","20110613-Findlay_Res_2_WQ",2011-06-13,"Findlay_Res_2_WQ","Reservoir",41.020428,-83.572988,NA,NA,0
"27","20110627-Findlay_Res_2",2011-06-27,"Findlay_Res_2","Reservoir",41.020428,-83.572988,NA,NA,0
"28","20110627-Findlay_Res_2_WQ",2011-06-27,"Findlay_Res_2_WQ","Reservoir",41.020428,-83.572988,NA,NA,0
"29","20110711-Findlay_Res_2_WQ_A",2011-07-11,"Findlay_Res_2_WQ_A","Reservoir",41.020428,-83.572988,NA,NA,0
"30","20110711-Findlay_Res_2_WQ_B",2011-07-11,"Findlay_Res_2_WQ_B","Reservoir",41.020428,-83.572988,NA,NA,0
"31","20110927-80305-A",2011-09-27,"80305-A","Reservoir",41.044204,-81.003526,NA,NA,0
"32","20110927-80305-B",2011-09-27,"80305-B","Reservoir",41.044204,-81.003526,NA,NA,0
"33","20120327-Mosquito_Site_1",2012-03-27,"Mosquito_Site_1","Reservoir",41.311782,-80.755009,NA,NA,0
"34","20120403-Kiser-A",2012-04-03,"Kiser-A","Reservoir",40.194528,-83.97968,NA,NA,0
"35","20120403-Kiser-B",2012-04-03,"Kiser-B","Reservoir",40.194528,-83.97968,NA,NA,0
"36","20120403-Mosquito_Site_1",2012-04-03,"Mosquito_Site_1","Reservoir",41.311782,-80.755009,NA,NA,0
"37","20120405-Alum-A",2012-04-05,"Alum-A","Reservoir",40.190943,-82.96255,NA,NA,0
"38","20120405-Alum-B",2012-04-05,"Alum-B","Reservoir",40.190943,-82.96255,NA,NA,0
"39","20120405-Delaware-A",2012-04-05,"Delaware-A","Reservoir",40.362465,-83.068877,NA,NA,0
"40","20120405-Delaware-B",2012-04-05,"Delaware-B","Reservoir",40.362465,-83.068877,NA,NA,0
"41","20120405-Hoover-A",2012-04-05,"Hoover-A","Reservoir",40.114113,-82.881026,NA,NA,0
"42","20120405-Hoover-B",2012-04-05,"Hoover-B","Reservoir",40.114113,-82.881026,NA,NA,0
"43","20120411-Bresler_Res_Site_WQ",2012-04-11,"Bresler_Res_Site_WQ","Reservoir",40.737784,-84.232962,NA,NA,0
"44","20120411-Delphos-Gillmor_Site_Wg",2012-04-11,"Delphos-Gillmor_Site_Wg","Reservoir",40.879415,-84.364513,NA,NA,0
"45","20120411-Mosquito_Site_1",2012-04-11,"Mosquito_Site_1","Reservoir",41.311782,-80.755009,NA,NA,0
"46","20120411-New_London_Site_WQ",2012-04-11,"New_London_Site_WQ","Reservoir",41.068046,-82.432871,NA,NA,0
"47","20120411-Pyamatuning_Site_1",2012-04-11,"Pyamatuning_Site_1","Reservoir",41.505146,-80.463865,NA,NA,0
"48","20120412-Defiance_Res_Site_WQ",2012-04-12,"Defiance_Res_Site_WQ","Reservoir",41.26751,-84.394521,NA,NA,0
"49","20120412-Paulding_Res_WQ",2012-04-12,"Paulding_Res_WQ","Reservoir",41.122041,-84.586739,NA,NA,0
"50","20120412-Wauseon_Res_Site_WQ",2012-04-12,"Wauseon_Res_Site_WQ","Reservoir",41.513303,-84.148122,NA,NA,0
"51","20120413-Riley_Res_WQ",2012-04-13,"Riley_Res_WQ","Reservoir",40.829917,-82.932106,NA,NA,0
"52","20120417-Findlay_Res_2_Rep_2",2012-04-17,"Findlay_Res_2_Rep_2","Reservoir",41.020428,-83.572988,NA,NA,0
"53","20120417-Findlay_Res_2_Site_Wq_Rep_1",2012-04-17,"Findlay_Res_2_Site_Wq_Rep_1","Reservoir",41.020428,-83.572988,NA,NA,0
"54","20120417-Snowden",2012-04-17,"Snowden","Reservoir",39.250497,-82.1899,NA,NA,0
"55","20120418-Berlin-A",2012-04-18,"Berlin-A","Reservoir",41.044204,-81.003526,NA,NA,0
"56","20120418-Berlin-B",2012-04-18,"Berlin-B","Reservoir",41.044204,-81.003526,NA,NA,0
"57","20120418-BERLIN",2012-04-18,"BERLIN","Reservoir",41.044204,-81.003526,NA,NA,0
"58","20120418-Bresler_Res_Site_Wq_Rep_1",2012-04-18,"Bresler_Res_Site_Wq_Rep_1","Reservoir",40.737784,-84.232962,NA,NA,0
"59","20120418-Delphos-gilmor_Site_Wq_Rep_1",2012-04-18,"Delphos-gilmor_Site_Wq_Rep_1","Reservoir",40.879415,-84.364513,NA,NA,0
"60","20120418-Dillon",2012-04-18,"Dillon","Reservoir",39.994716,-82.084202,NA,NA,0
"61","20120418-Dillon_WQ",2012-04-18,"Dillon_WQ","Reservoir",39.994716,-82.084202,NA,NA,0
"62","20120418-Mosquito_Site_1",2012-04-18,"Mosquito_Site_1","Reservoir",41.311782,-80.755009,NA,NA,0
"63","20120418-New_London_Site_2",2012-04-18,"New_London_Site_2","Reservoir",41.068046,-82.432871,NA,NA,0
"64","20120418-Pymatuning_Site_1",2012-04-18,"Pymatuning_Site_1","Reservoir",41.505146,-80.463865,NA,NA,0
"65","20120418-Rush_Creek-A",2012-04-18,"Rush_Creek-A","Reservoir",39.789556,-82.414036,NA,NA,0
"66","20120418-Rush_Creek-B",2012-04-18,"Rush_Creek-B","Reservoir",39.789556,-82.414036,NA,NA,0
"67","20120419-Defiance_Res_Site_Wq_Rep_1",2012-04-19,"Defiance_Res_Site_Wq_Rep_1","Reservoir",41.26751,-84.394521,NA,NA,0
"68","20120419-Paulding_Res_Site_Wg_Rep_1",2012-04-19,"Paulding_Res_Site_Wg_Rep_1","Reservoir",41.122041,-84.586739,NA,NA,0
"69","20120419-Wauseon_Res_Wq",2012-04-19,"Wauseon_Res_Wq","Reservoir",41.513303,-84.148122,NA,NA,0
"70","20120420-Riley_Res_Site_Wq_Rep_1",2012-04-20,"Riley_Res_Site_Wq_Rep_1","Reservoir",40.829917,-82.932106,NA,NA,0
"71","20120424-Acton_101-A",2012-04-24,"Acton_101-A","Reservoir",39.560185,-84.737399,NA,NA,0
"72","20120424-Acton_101-B",2012-04-24,"Acton_101-B","Reservoir",39.560185,-84.737399,NA,NA,0
"73","20120424-Burr_Oak-A",2012-04-24,"Burr_Oak-A","Reservoir",39.542322,-82.055252,NA,NA,0
"74","20120424-Burr_Oak-B",2012-04-24,"Burr_Oak-B","Reservoir",39.542322,-82.055252,NA,NA,0
"75","20120424-Findlay_Res_2_Site_Wg_Rep_2",2012-04-24,"Findlay_Res_2_Site_Wg_Rep_2","Reservoir",41.020428,-83.572988,NA,NA,0
"76","20120424-Findlay_Res_2_Site_Wq_Rep_1",2012-04-24,"Findlay_Res_2_Site_Wq_Rep_1","Reservoir",41.020428,-83.572988,NA,8,0
"77","20120424-GLSM",2012-04-24,"GLSM","Reservoir",40.528134,-84.502695,NA,NA,0
"78","20120424-GLSM_1",2012-04-24,"GLSM_1","Reservoir",40.528134,-84.502695,NA,NA,0
"79","20120425-Berlin",2012-04-25,"Berlin","Reservoir",41.044204,-81.003526,NA,NA,0
"80","20120425-Mosquito_Site_1",2012-04-25,"Mosquito_Site_1","Reservoir",41.311782,-80.755009,NA,NA,0
"81","20120425-Stonelick-A",2012-04-25,"Stonelick-A","Reservoir",39.216798,-84.082854,NA,NA,0
"82","20120425-Stonelick-B",2012-04-25,"Stonelick-B","Reservoir",39.216798,-84.082854,NA,NA,0
"83","20120426-Hammertown-A",2012-04-26,"Hammertown-A","Reservoir",39.055314,-82.683159,NA,NA,0
"84","20120426-Hammertown-B",2012-04-26,"Hammertown-B","Reservoir",39.055314,-82.683159,NA,NA,0
"85","20120426-Lake_Rupert-A",2012-04-26,"Lake_Rupert-A","Reservoir",39.178063,-82.519861,NA,NA,0
"86","20120426-Lake_Rupert-B",2012-04-26,"Lake_Rupert-B","Reservoir",39.178063,-82.519861,NA,NA,0
"87","20120426-Tappan-A",2012-04-26,"Tappan-A","Reservoir",40.356409,-81.22025,NA,NA,0
"88","20120426-Tappan-B",2012-04-26,"Tappan-B","Reservoir",40.356409,-81.22025,NA,NA,0
"89","20120427-Seneca_Lake-A",2012-04-27,"Seneca_Lake-A","Reservoir",39.924788,-81.431984,NA,NA,0
"90","20120427-Seneca_Lake-B",2012-04-27,"Seneca_Lake-B","Reservoir",39.924788,-81.431984,NA,NA,0
"91","20120502-Alum_Creek_Lake_Dam-A",2012-05-02,"Alum_Creek_Lake_Dam-A","Reservoir",40.190943,-82.96255,NA,NA,0
"92","20120502-Alum_Creek_Lake_Dam-B",2012-05-02,"Alum_Creek_Lake_Dam-B","Reservoir",40.190943,-82.96255,NA,NA,0
"93","20120508-Findlay_Res_2_Site_Wg_Rep_1",2012-05-08,"Findlay_Res_2_Site_Wg_Rep_1","Reservoir",41.020428,-83.572988,NA,NA,0
"94","20120508-Findlay_Res_2_Site_Wg_Rep_2",2012-05-08,"Findlay_Res_2_Site_Wg_Rep_2","Reservoir",41.020428,-83.572988,NA,NA,0
"95","20120508-Hoover-A",2012-05-08,"Hoover-A","Reservoir",40.114113,-82.881026,NA,NA,0
"96","20120508-Hoover-B",2012-05-08,"Hoover-B","Reservoir",40.114113,-82.881026,NA,NA,0
"97","20120510-Kiser",2012-05-10,"Kiser","Reservoir",40.194528,-83.97968,NA,NA,0
"98","20120510-Kiser_Dam",2012-05-10,"Kiser_Dam","Reservoir",40.194528,-83.97968,NA,NA,0
"99","20120515-Deer_Creek",2012-05-15,"Deer_Creek","Reservoir",39.624075,-83.221468,NA,NA,0
"100","20120515-Deer_Creel_Dam",2012-05-15,"Deer_Creel_Dam","Reservoir",39.624075,-83.221468,NA,NA,0
"101","20120515-Seneca_Lake_3A_Dam",2012-05-15,"Seneca_Lake_3A_Dam","Reservoir",39.924788,-81.431984,NA,NA,0
"102","20120515-Seneca_Lake_3B_Dam",2012-05-15,"Seneca_Lake_3B_Dam","Reservoir",39.924788,-81.431984,NA,NA,0
"103","20120516-Burr_Oak_Lower-A",2012-05-16,"Burr_Oak_Lower-A","Reservoir",39.542322,-82.055252,NA,NA,0
"104","20120516-Burr_Oak_Lower-B",2012-05-16,"Burr_Oak_Lower-B","Reservoir",39.542322,-82.055252,NA,NA,0
"105","20120516-Dillon",2012-05-16,"Dillon","Reservoir",39.994716,-82.084202,NA,NA,0
"106","20120516-Hammertown_1_Dam-A",2012-05-16,"Hammertown_1_Dam-A","Reservoir",39.055314,-82.683159,NA,NA,0
"107","20120516-Hammertown_1_Dam-B",2012-05-16,"Hammertown_1_Dam-B","Reservoir",39.055314,-82.683159,NA,NA,0
"108","20120516-Pleasant_Hill",2012-05-16,"Pleasant_Hill","Reservoir",40.627165,-82.324132,NA,NA,0
"109","20120516-Pleasant_Hill_WQ-A",2012-05-16,"Pleasant_Hill_WQ-A","Reservoir",40.627165,-82.324132,NA,NA,0
"110","20120516-Pleasant_Hill_WQ-B",2012-05-16,"Pleasant_Hill_WQ-B","Reservoir",40.627165,-82.324132,NA,NA,0
"111","20120516-Rush_Creek",2012-05-16,"Rush_Creek","Reservoir",39.789556,-82.414036,NA,NA,0
"112","20120516-Rush_Creek_WQ-A",2012-05-16,"Rush_Creek_WQ-A","Reservoir",39.789556,-82.414036,NA,NA,0
"113","20120516-Rush_Creek_WQ-B",2012-05-16,"Rush_Creek_WQ-B","Reservoir",39.789556,-82.414036,NA,NA,0
"114","20120517-Delaware_Dam-A",2012-05-17,"Delaware_Dam-A","Reservoir",40.362465,-83.068877,NA,NA,0
"115","20120517-Delaware_Dam-B",2012-05-17,"Delaware_Dam-B","Reservoir",40.362465,-83.068877,NA,NA,0
"116","20120518-Dillon",2012-05-18,"Dillon","Reservoir",39.994716,-82.084202,NA,NA,0
"117","20120522-80305",2012-05-22,"80305","Reservoir",41.044204,-81.003526,NA,NA,0
"118","20120522-80305_48m-A",2012-05-22,"80305_48m-A","Reservoir",41.044204,-81.003526,NA,NA,0
"119","20120522-80305_48m-B",2012-05-22,"80305_48m-B","Reservoir",41.044204,-81.003526,NA,NA,0
"120","20120522-Findlay_Res_2_WQ-A",2012-05-22,"Findlay_Res_2_WQ-A","Reservoir",41.020428,-83.572988,NA,NA,0
"121","20120522-Findlay_Res_2_WQ-B",2012-05-22,"Findlay_Res_2_WQ-B","Reservoir",41.020428,-83.572988,NA,NA,0
"122","20120522-Findlay_Res_2_Site_Wg_Rep_1",2012-05-22,"Findlay_Res_2_Site_Wg_Rep_1","Reservoir",41.020428,-83.572988,NA,NA,0
"123","20120522-Findlay_Res_2_Site_Wg_Rep_2",2012-05-22,"Findlay_Res_2_Site_Wg_Rep_2","Reservoir",41.020428,-83.572988,NA,NA,0
"124","20120522-Tappan",2012-05-22,"Tappan","Reservoir",40.356409,-81.22025,NA,NA,0
"125","20120522-Tappan_1",2012-05-22,"Tappan_1","Reservoir",40.356409,-81.22025,NA,NA,0
"126","20120523-Snowden_1_Dam-A",2012-05-23,"Snowden_1_Dam-A","Reservoir",39.250497,-82.1899,NA,NA,0
"127","20120523-Snowden_1_Dam-B",2012-05-23,"Snowden_1_Dam-B","Reservoir",39.250497,-82.1899,NA,NA,0
"128","20120530-Acton",2012-05-30,"Acton","Reservoir",39.560185,-84.737399,NA,NA,0
"129","20120530-Acton_",2012-05-30,"Acton_","Reservoir",39.560185,-84.737399,NA,NA,0
"130","20120530-GLSM_1",2012-05-30,"GLSM_1","Reservoir",40.528134,-84.502695,NA,NA,0
"131","20120530-GLSM_2",2012-05-30,"GLSM_2","Reservoir",40.528134,-84.502695,NA,NA,0
"132","20120530-Lake_Rupert_1_Dam-A",2012-05-30,"Lake_Rupert_1_Dam-A","Reservoir",39.178063,-82.519861,NA,NA,0
"133","20120530-Lake_Rupert_1_Dam-B",2012-05-30,"Lake_Rupert_1_Dam-B","Reservoir",39.178063,-82.519861,NA,NA,0
"134","20120530-Stonelick-A",2012-05-30,"Stonelick-A","Reservoir",39.216798,-84.082854,NA,NA,0
"135","20120530-Stonelick-B",2012-05-30,"Stonelick-B","Reservoir",39.216798,-84.082854,NA,NA,0
"136","20120605-Findlay_Res_2_Site_Wg_Rep_1",2012-06-05,"Findlay_Res_2_Site_Wg_Rep_1","Reservoir",41.020428,-83.572988,NA,NA,0
"137","20120605-Findlay_Res_2_Site_Wg_Rep_2",2012-06-05,"Findlay_Res_2_Site_Wg_Rep_2","Reservoir",41.020428,-83.572988,NA,NA,0
"138","20120612-Acton",2012-06-12,"Acton","Reservoir",39.560185,-84.737399,NA,NA,0
"139","20120612-Dillon",2012-06-12,"Dillon","Reservoir",39.994716,-82.084202,NA,NA,0
"140","20120612-Dillon_Dam",2012-06-12,"Dillon_Dam","Reservoir",39.994716,-82.084202,NA,NA,0
"141","20120612-Rush_Creek-A",2012-06-12,"Rush_Creek-A","Reservoir",39.789556,-82.414036,NA,NA,0
"142","20120612-Rush_Creek-B",2012-06-12,"Rush_Creek-B","Reservoir",39.789556,-82.414036,NA,NA,0
"143","20120612-Seneca_Lake_3",2012-06-12,"Seneca_Lake_3","Reservoir",39.924788,-81.431984,NA,NA,0
"144","20120613-Seneca_Lake",2012-06-13,"Seneca_Lake","Reservoir",39.924788,-81.431984,NA,NA,0
"145","20120618-Alum-A",2012-06-18,"Alum-A","Reservoir",40.190943,-82.96255,NA,NA,0
"146","20120618-Alum-B",2012-06-18,"Alum-B","Reservoir",40.190943,-82.96255,NA,NA,0
"147","20120618-Delaware_Dam-A",2012-06-18,"Delaware_Dam-A","Reservoir",40.362465,-83.068877,NA,NA,0
"148","20120618-Delaware_Dam-B",2012-06-18,"Delaware_Dam-B","Reservoir",40.362465,-83.068877,NA,NA,0
"149","20120618-Hoover-A",2012-06-18,"Hoover-A","Reservoir",40.114113,-82.881026,NA,NA,0
"150","20120618-Hoover-B",2012-06-18,"Hoover-B","Reservoir",40.114113,-82.881026,NA,NA,0
"151","20120618-Lake_Rupert",2012-06-18,"Lake_Rupert","Reservoir",39.178063,-82.519861,NA,NA,0
"152","20120618-Lake_Rupert_Lower",2012-06-18,"Lake_Rupert_Lower","Reservoir",39.178063,-82.519861,NA,NA,0
"153","20120619-80305_43m",2012-06-19,"80305_43m","Reservoir",41.044204,-81.003526,NA,NA,0
"154","20120619-80305_46m",2012-06-19,"80305_46m","Reservoir",41.044204,-81.003526,NA,NA,0
"155","20120619-Findlay_Res_2_",2012-06-19,"Findlay_Res_2_","Reservoir",41.020428,-83.572988,NA,NA,0
"156","20120619-Findlay_Res_2_WQ",2012-06-19,"Findlay_Res_2_WQ","Reservoir",41.020428,-83.572988,NA,NA,0
"157","20120619-Findlay_Res_2_Site_Wg_Rep_1",2012-06-19,"Findlay_Res_2_Site_Wg_Rep_1","Reservoir",41.020428,-83.572988,NA,NA,0
"158","20120619-Findlay_Res_2_Site_Wq_Rep_2",2012-06-19,"Findlay_Res_2_Site_Wq_Rep_2","Reservoir",41.020428,-83.572988,NA,NA,0
"159","20120620-Burr_Oak",2012-06-20,"Burr_Oak","Reservoir",39.542322,-82.055252,NA,NA,0
"160","20120620-Burr_Oak_Lower",2012-06-20,"Burr_Oak_Lower","Reservoir",39.542322,-82.055252,NA,NA,0
"161","20120620-Pleasant_Hill",2012-06-20,"Pleasant_Hill","Reservoir",40.627165,-82.324132,NA,NA,0
"162","20120620-Pleasant_Hill_Res",2012-06-20,"Pleasant_Hill_Res","Reservoir",40.627165,-82.324132,NA,NA,0
"163","20120621-Acton",2012-06-21,"Acton","Reservoir",39.560185,-84.737399,NA,NA,0
"164","20120621-GLSM_3",2012-06-21,"GLSM_3","Reservoir",40.528134,-84.502695,NA,NA,0
"165","20120621-GLSM_4",2012-06-21,"GLSM_4","Reservoir",40.528134,-84.502695,NA,NA,0
"166","20120621-Jackson_City_Hammertown",2012-06-21,"Jackson_City_Hammertown","Reservoir",39.055314,-82.683159,NA,NA,0
"167","20120621-Jackson_City_Res",2012-06-21,"Jackson_City_Res","Reservoir",39.055314,-82.683159,NA,NA,0
"168","20120622-Lake_Snowden",2012-06-22,"Lake_Snowden","Reservoir",39.250497,-82.1899,NA,NA,0
"169","20120624-Tappan",2012-06-24,"Tappan","Reservoir",40.356409,-81.22025,NA,NA,0
"170","20120625-Kiser",2012-06-25,"Kiser","Reservoir",40.194528,-83.97968,NA,NA,0
"171","20120625-Kiser_Dam",2012-06-25,"Kiser_Dam","Reservoir",40.194528,-83.97968,NA,NA,0
"172","20120628-Tappan",2012-06-28,"Tappan","Reservoir",40.356409,-81.22025,NA,NA,0
"173","20120703-Findlay_2_Site_WQ_Rep_1",2012-07-03,"Findlay_2_Site_WQ_Rep_1","Reservoir",41.020428,-83.572988,NA,NA,0
"174","20120703-Findlay_Res_2_Site_Wg_Rep_2",2012-07-03,"Findlay_Res_2_Site_Wg_Rep_2","Reservoir",41.020428,-83.572988,NA,NA,0
"175","20120708-Salt_Fork",2012-07-08,"Salt_Fork","Reservoir",40.108527,-81.551769,NA,NA,0
"176","20120713-Burr_Oak",2012-07-13,"Burr_Oak","Reservoir",39.542322,-82.055252,NA,NA,0
"177","20120713-Burr_Oak_Lower",2012-07-13,"Burr_Oak_Lower","Reservoir",39.542322,-82.055252,NA,NA,0
"178","20120716-Dow_Lake-A",2012-07-16,"Dow_Lake-A","Reservoir",39.337928,-82.01861,NA,NA,0
"179","20120716-Dow_Lake-B",2012-07-16,"Dow_Lake-B","Reservoir",39.337928,-82.01861,NA,NA,0
"180","20120716-Lake_Hope-A",2012-07-16,"Lake_Hope-A","Reservoir",39.320926,-82.354319,NA,NA,0
"181","20120716-Lake_Hope-B",2012-07-16,"Lake_Hope-B","Reservoir",39.320926,-82.354319,NA,NA,0
"182","20120716-Milton-A",2012-07-16,"Milton-A","Reservoir",41.123996,-80.975052,NA,NA,0
"183","20120716-Milton-B",2012-07-16,"Milton-B","Reservoir",41.123996,-80.975052,NA,NA,0
"184","20120716-Lake_Rupert",2012-07-16,"Lake_Rupert","Reservoir",39.178063,-82.519861,NA,NA,0
"185","20120716-Rupert",2012-07-16,"Rupert","Reservoir",39.178063,-82.519861,NA,NA,0
"186","20120716-Logan_Lower-A",2012-07-16,"Logan_Lower-A","Reservoir",39.547325,-82.475887,NA,NA,0
"187","20120716-Logan_Lower-B",2012-07-16,"Logan_Lower-B","Reservoir",39.547325,-82.475887,NA,NA,0
"188","20120716-Mosadove-A",2012-07-16,"Mosadove-A","Reservoir",41.070261,-81.362495,NA,NA,0
"189","20120716-Mosadove-B",2012-07-16,"Mosadove-B","Reservoir",41.070261,-81.362495,NA,NA,0
"190","20120717-Findlay_Res",2012-07-17,"Findlay_Res","Reservoir",41.020428,-83.572988,NA,NA,0
"191","20120717-Findlay_Res_2",2012-07-17,"Findlay_Res_2","Reservoir",41.020428,-83.572988,NA,NA,0
"192","20120717-North_2-A",2012-07-17,"North_2-A","Reservoir",41.170742,-83.66646,NA,NA,0
"193","20120717-North_2-B",2012-07-17,"North_2-B","Reservoir",41.170742,-83.66646,NA,NA,0
"194","20120717-Springfield",2012-07-17,"Springfield","Reservoir",41.027419,-81.439224,NA,NA,0
"195","20120717-Sprngfield",2012-07-17,"Sprngfield","Reservoir",41.027419,-81.439224,NA,NA,0
"196","20120717-Wert-A",2012-07-17,"Wert-A","Reservoir",40.839661,-84.574124,NA,NA,0
"197","20120717-Wert-B",2012-07-17,"Wert-B","Reservoir",40.839661,-84.574124,NA,NA,0
"198","20120718-Guilford-A",2012-07-18,"Guilford-A","Reservoir",40.79711,-80.86782,NA,NA,0
"199","20120718-Guilford-B",2012-07-18,"Guilford-B","Reservoir",40.79711,-80.86782,NA,NA,0
"200","20120718-Salt_Fork",2012-07-18,"Salt_Fork","Reservoir",40.108527,-81.551769,NA,NA,0
"201","20120718-Seneca_Lake-A",2012-07-18,"Seneca_Lake-A","Reservoir",39.924788,-81.431984,NA,NA,0
"202","20120718-Seneca_Lake-B",2012-07-18,"Seneca_Lake-B","Reservoir",39.924788,-81.431984,NA,NA,0
"203","20120718-Silver_Creek?-A",2012-07-18,"Silver_Creek?-A","Reservoir",40.994334,-81.683511,NA,NA,0
"204","20120718-Silver_Creek?-B",2012-07-18,"Silver_Creek?-B","Reservoir",40.994334,-81.683511,NA,NA,0
"205","20120718-Stonelick_1",2012-07-18,"Stonelick_1","Reservoir",39.216798,-84.082854,NA,NA,0
"206","20120718-Stonelick_2",2012-07-18,"Stonelick_2","Reservoir",39.216798,-84.082854,NA,NA,0
"207","20120718-Tappan-A",2012-07-18,"Tappan-A","Reservoir",40.356409,-81.22025,NA,NA,0
"208","20120718-Tappan-B",2012-07-18,"Tappan-B","Reservoir",40.356409,-81.22025,NA,NA,0
"209","20120719-Atwood_1-A",2012-07-19,"Atwood_1-A","Reservoir",40.528103,-81.281297,NA,NA,0
"210","20120719-Atwood_1-B",2012-07-19,"Atwood_1-B","Reservoir",40.528103,-81.281297,NA,NA,0
"211","20120719-Leerville-A",2012-07-19,"Leerville-A","Reservoir",40.469945,-81.191812,NA,NA,0
"212","20120719-Leerville-B",2012-07-19,"Leerville-B","Reservoir",40.469945,-81.191812,NA,NA,0
"213","20120719-Pleasant_Hill-A",2012-07-19,"Pleasant_Hill-A","Reservoir",40.627165,-82.324132,NA,NA,0
"214","20120719-Pleasant_Hill-B",2012-07-19,"Pleasant_Hill-B","Reservoir",40.627165,-82.324132,NA,NA,0
"215","20120719-Wolf_Run-A",2012-07-19,"Wolf_Run-A","Reservoir",39.791391,-81.546038,NA,NA,0
"216","20120719-Wolf_Run-B",2012-07-19,"Wolf_Run-B","Reservoir",39.791391,-81.546038,NA,NA,0
"217","20120720-Dillon-A",2012-07-20,"Dillon-A","Reservoir",39.994716,-82.084202,NA,NA,0
"218","20120720-Dillon-B",2012-07-20,"Dillon-B","Reservoir",39.994716,-82.084202,NA,NA,0
"219","20120720-Hammertown_",2012-07-20,"Hammertown_","Reservoir",39.055314,-82.683159,NA,NA,0
"220","20120720-Hargus",2012-07-20,"Hargus","Reservoir",39.625913,-82.884827,NA,NA,0
"221","20120720-Hargus_Dam",2012-07-20,"Hargus_Dam","Reservoir",39.625913,-82.884827,NA,NA,0
"222","20120720-Monroe_Lake-A",2012-07-20,"Monroe_Lake-A","Reservoir",39.819157,-81.138017,NA,NA,0
"223","20120720-Monroe_Lake-B",2012-07-20,"Monroe_Lake-B","Reservoir",39.819157,-81.138017,NA,NA,0
"224","20120720-Rush_Creek",2012-07-20,"Rush_Creek","Reservoir",39.789556,-82.414036,NA,NA,0
"225","20120720-Rush_Creek_",2012-07-20,"Rush_Creek_","Reservoir",39.789556,-82.414036,NA,NA,0
"226","20120721-Barnesville_#3",2012-07-21,"Barnesville_#3","Reservoir",39.909481,-81.162502,NA,NA,0
"227","20120721-Tycoon",2012-07-21,"Tycoon","Reservoir",38.929715,-82.347452,NA,NA,0
"228","20120721-Tycoon_Lower",2012-07-21,"Tycoon_Lower","Reservoir",38.929715,-82.347452,NA,NA,0
"229","20120722-Shelby_Res3",2012-07-22,"Shelby_Res3","Reservoir",40.910691,-82.650939,NA,NA,0
"230","20120723-Alum-A",2012-07-23,"Alum-A","Reservoir",40.190943,-82.96255,NA,NA,0
"231","20120723-Delaware-A",2012-07-23,"Delaware-A","Reservoir",40.362465,-83.068877,NA,NA,0
"232","20120723-Delaware-B",2012-07-23,"Delaware-B","Reservoir",40.362465,-83.068877,NA,NA,0
"233","20120723-Hoover-A",2012-07-23,"Hoover-A","Reservoir",40.114113,-82.881026,NA,NA,0
"234","20120723-Hoover-B",2012-07-23,"Hoover-B","Reservoir",40.114113,-82.881026,NA,NA,0
"235","20120723-McKarns_WQ-A",2012-07-23,"McKarns_WQ-A","Reservoir",41.555448,-84.654652,NA,NA,0
"236","20120723-McKarns_WQ-B",2012-07-23,"McKarns_WQ-B","Reservoir",41.555448,-84.654652,NA,NA,0
"237","20120723-New_London-A",2012-07-23,"New_London-A","Reservoir",41.068046,-82.432871,NA,NA,0
"238","20120723-New_London-B",2012-07-23,"New_London-B","Reservoir",41.068046,-82.432871,NA,NA,0
"239","20120723-Shelby_Res3",2012-07-23,"Shelby_Res3","Reservoir",40.910691,-82.650939,NA,NA,0
"240","20120723-Willard_Res_WQ-A",2012-07-23,"Willard_Res_WQ-A","Reservoir",41.063275,-82.662544,NA,NA,0
"241","20120723-Willard_Res_WQ-B",2012-07-23,"Willard_Res_WQ-B","Reservoir",41.063275,-82.662544,NA,NA,0
"242","20120724-Barnesville_#3",2012-07-24,"Barnesville_#3","Reservoir",39.909481,-81.162502,NA,NA,0
"243","20120724-Berlin-A",2012-07-24,"Berlin-A","Reservoir",41.044204,-81.003526,NA,NA,0
"244","20120724-Berlin-B",2012-07-24,"Berlin-B","Reservoir",41.044204,-81.003526,NA,NA,0
"245","20120725-Clear_Fork",2012-07-25,"Clear_Fork","Reservoir",40.699719,-82.61107,NA,NA,0
"246","20120725-Clear_Fork_WQ",2012-07-25,"Clear_Fork_WQ","Reservoir",40.699719,-82.61107,NA,NA,0
"247","20120725-Delta_1-A",2012-07-25,"Delta_1-A","Reservoir",41.591252,-84.010068,NA,NA,0
"248","20120725-Delta_1-B",2012-07-25,"Delta_1-B","Reservoir",41.591252,-84.010068,NA,NA,0
"249","20120725-Delta_2-A",2012-07-25,"Delta_2-A","Reservoir",41.593135,-84.015136,NA,NA,0
"250","20120725-Delta_2-B",2012-07-25,"Delta_2-B","Reservoir",41.593135,-84.015136,NA,NA,0
"251","20120725-Killdeer-A",2012-07-25,"Killdeer-A","Reservoir",40.704078,-82.380027,NA,NA,0
"252","20120725-Killdeer-B",2012-07-25,"Killdeer-B","Reservoir",40.704078,-82.380027,NA,NA,0
"253","20120726-Hammertown",2012-07-26,"Hammertown","Reservoir",39.055314,-82.683159,NA,NA,0
"254","20120726-Indian-A",2012-07-26,"Indian-A","Reservoir",40.47316,-83.873143,NA,NA,0
"255","20120726-Indian-B",2012-07-26,"Indian-B","Reservoir",40.47316,-83.873143,NA,NA,0
"256","20120726-Kiser",2012-07-26,"Kiser","Reservoir",40.194528,-83.97968,NA,NA,0
"257","20120726-Kisor",2012-07-26,"Kisor","Reservoir",40.194528,-83.97968,NA,NA,0
"258","20120726-Lake_LeComte-A",2012-07-26,"Lake_LeComte-A","Reservoir",41.120706,-83.44357,NA,NA,0
"259","20120726-Lake_LeComte-B",2012-07-26,"Lake_LeComte-B","Reservoir",41.120706,-83.44357,NA,NA,0
"260","20120726-Snowden",2012-07-26,"Snowden","Reservoir",39.250497,-82.1899,NA,NA,0
"261","20120726-Snowdwn",2012-07-26,"Snowdwn","Reservoir",39.250497,-82.1899,NA,NA,0
"262","20120726-Piedmont_Lake-A",2012-07-26,"Piedmont_Lake-A","Reservoir",40.187121,-81.215699,NA,NA,0
"263","20120726-Piedmont_Lake-B",2012-07-26,"Piedmont_Lake-B","Reservoir",40.187121,-81.215699,NA,NA,0
"264","20120726-Vet's_Memorial-A",2012-07-26,"Vet's_Memorial-A","Reservoir",41.134922,-83.451728,NA,NA,0
"265","20120726-Vet's_Memorial-B",2012-07-26,"Vet's_Memorial-B","Reservoir",41.134922,-83.451728,NA,NA,0
"266","20120730-Acton",2012-07-30,"Acton","Reservoir",39.560185,-84.737399,NA,NA,0
"267","20120730-Acton_2",2012-07-30,"Acton_2","Reservoir",39.560185,-84.737399,NA,NA,0
"268","20120730-Beaver_Creek-A",2012-07-30,"Beaver_Creek-A","Reservoir",41.23897,-83.020207,NA,NA,0
"269","20120730-Beaver_Creek-B",2012-07-30,"Beaver_Creek-B","Reservoir",41.23897,-83.020207,NA,NA,0
"270","20120730-GLSM-A",2012-07-30,"GLSM-A","Reservoir",40.528134,-84.502695,NA,NA,0
"271","20120730-Mosquito-A",2012-07-30,"Mosquito-A","Reservoir",41.311782,-80.755009,NA,NA,0
"272","20120730-Mosquito-B",2012-07-30,"Mosquito-B","Reservoir",41.311782,-80.755009,NA,NA,0
"273","20120730-Pymatoning?-A",2012-07-30,"Pymatoning?-A","Reservoir",41.505146,-80.463865,NA,NA,0
"274","20120730-Pymatoning?-B",2012-07-30,"Pymatoning?-B","Reservoir",41.505146,-80.463865,NA,NA,0
"275","20120730-Raccoon_Creek-A",2012-07-30,"Raccoon_Creek-A","Reservoir",41.290113,-82.978627,NA,NA,0
"276","20120730-Raccoon_Creek-B",2012-07-30,"Raccoon_Creek-B","Reservoir",41.290113,-82.978627,NA,NA,0
"277","20120731-Bresler_Res-A",2012-07-31,"Bresler_Res-A","Reservoir",40.737784,-84.232962,NA,NA,0
"278","20120731-Bresler_Res-B",2012-07-31,"Bresler_Res-B","Reservoir",40.737784,-84.232962,NA,NA,0
"279","20120731-Delphos-A",2012-07-31,"Delphos-A","Reservoir",40.879415,-84.364513,NA,NA,0
"280","20120731-Delphos-B",2012-07-31,"Delphos-B","Reservoir",40.879415,-84.364513,NA,NA,0
"281","20120731-Lima_Lake-A",2012-07-31,"Lima_Lake-A","Reservoir",40.756062,-84.048019,NA,NA,0
"282","20120731-Lima_Lake-B",2012-07-31,"Lima_Lake-B","Reservoir",40.756062,-84.048019,NA,NA,0
"283","20120731-Timber_Ridge",2012-07-31,"Timber_Ridge","Reservoir",38.654489,-82.383416,NA,NA,0
"284","20120731-Timber_Ridge_Lower",2012-07-31,"Timber_Ridge_Lower","Reservoir",38.654489,-82.383416,NA,NA,0
"285","20120801-Amick-A",2012-08-01,"Amick-A","Reservoir",40.706454,-82.822628,NA,NA,0
"286","20120801-Amick-B",2012-08-01,"Amick-B","Reservoir",40.706454,-82.822628,NA,NA,0
"287","20120801-Charles_Mill-A",2012-08-01,"Charles_Mill-A","Reservoir",40.766786,-82.376759,NA,NA,0
"288","20120801-Charles_Mill-B",2012-08-01,"Charles_Mill-B","Reservoir",40.766786,-82.376759,NA,NA,0
"289","20120802-Knox_Dam",2012-08-02,"Knox_Dam","Reservoir",40.495508,-82.524308,NA,NA,0
"290","20120802-North_Baltimore_2-A",2012-08-02,"North_Baltimore_2-A","Reservoir",41.170742,-83.66646,NA,NA,0
"291","20120802-North_Baltimore_2-B",2012-08-02,"North_Baltimore_2-B","Reservoir",41.170742,-83.66646,NA,NA,0
"292","20120802-Veto_Lake-A",2012-08-02,"Veto_Lake-A","Reservoir",39.344729,-81.65019,NA,NA,0
"293","20120802-Veto_Lake-B",2012-08-02,"Veto_Lake-B","Reservoir",39.344729,-81.65019,NA,NA,0
"294","20120806-Walborn_2-A",2012-08-06,"Walborn_2-A","Reservoir",40.972827,-81.1853,NA,NA,0
"295","20120806-Walborn_2-B",2012-08-06,"Walborn_2-B","Reservoir",40.972827,-81.1853,NA,NA,0
"296","20120806-Defiance_WQ-A",2012-08-06,"Defiance_WQ-A","Reservoir",41.26751,-84.394521,NA,NA,0
"297","20120806-Defiance_WQ-B",2012-08-06,"Defiance_WQ-B","Reservoir",41.26751,-84.394521,NA,NA,0
"298","20120806-Oxbow_WQ-A",2012-08-06,"Oxbow_WQ-A","Reservoir",41.345337,-84.443086,NA,NA,0
"299","20120806-Oxbow_WQ-B",2012-08-06,"Oxbow_WQ-B","Reservoir",41.345337,-84.443086,NA,NA,0
"300","20120806-Paint_Creek-A",2012-08-06,"Paint_Creek-A","Reservoir",39.245326,-83.358873,NA,NA,0
"301","20120806-Paint_Creek-B",2012-08-06,"Paint_Creek-B","Reservoir",39.245326,-83.358873,NA,NA,0
"302","20120806-Rocky_Fork_",2012-08-06,"Rocky_Fork_","Reservoir",39.196232,-83.446948,NA,NA,0
"303","20120806-Rocky_Fork_2",2012-08-06,"Rocky_Fork_2","Reservoir",39.196232,-83.446948,NA,NA,0
"304","20120807-Wauseon_WQ-A",2012-08-07,"Wauseon_WQ-A","Reservoir",41.513303,-84.148122,NA,NA,0
"305","20120807-Wauseon_WQ-B",2012-08-07,"Wauseon_WQ-B","Reservoir",41.513303,-84.148122,NA,NA,0
"306","20120812-Dillon",2012-08-12,"Dillon","Reservoir",39.994716,-82.084202,NA,NA,0
"307","20120813-Findlay_Res2_WQ-A",2012-08-13,"Findlay_Res2_WQ-A","Reservoir",41.020428,-83.572988,NA,NA,0
"308","20120813-Findlay_Res2_WQ-B",2012-08-13,"Findlay_Res2_WQ-B","Reservoir",41.020428,-83.572988,NA,NA,0
"309","20120813-Pleasant_Hill_Res_WQ",2012-08-13,"Pleasant_Hill_Res_WQ","Reservoir",40.627165,-82.324132,NA,NA,0
"310","20120814-Burr_Oak_(lower)",2012-08-14,"Burr_Oak_(lower)","Reservoir",39.542322,-82.055252,NA,NA,0
"311","20120814-Burr_Oak_Lower",2012-08-14,"Burr_Oak_Lower","Reservoir",39.542322,-82.055252,NA,NA,0
"312","20120814-Clark_1",2012-08-14,"Clark_1","Reservoir",39.949095,-83.657343,NA,NA,0
"313","20120814-Clark_2",2012-08-14,"Clark_2","Reservoir",39.949095,-83.657343,NA,NA,0
"314","20120814-Paulding_WQ-A",2012-08-14,"Paulding_WQ-A","Reservoir",41.122041,-84.586739,NA,NA,0
"315","20120814-Paulding_WQ-B",2012-08-14,"Paulding_WQ-B","Reservoir",41.122041,-84.586739,NA,NA,0
"316","20120815-Acton_1",2012-08-15,"Acton_1","Reservoir",39.560185,-84.737399,NA,NA,0
"317","20120815-Acton_2",2012-08-15,"Acton_2","Reservoir",39.560185,-84.737399,NA,NA,0
"318","20120815-GLSM_1",2012-08-15,"GLSM_1","Reservoir",40.528134,-84.502695,NA,NA,0
"319","20120815-GLSM_2",2012-08-15,"GLSM_2","Reservoir",40.528134,-84.502695,NA,NA,0
"320","20120815-Loramie_1",2012-08-15,"Loramie_1","Reservoir",40.364679,-84.360059,NA,NA,0
"321","20120815-Loramie_2",2012-08-15,"Loramie_2","Reservoir",40.364679,-84.360059,NA,NA,0
"322","20120815-Pleasant_Hill_Res_WQ",2012-08-15,"Pleasant_Hill_Res_WQ","Reservoir",40.627165,-82.324132,NA,NA,0
"323","20120816-Buckeye-A",2012-08-16,"Buckeye-A","Reservoir",39.908079,-82.520173,NA,NA,0
"324","20120816-Buckeye-B",2012-08-16,"Buckeye-B","Reservoir",39.908079,-82.520173,NA,NA,0
"325","20120816-Cowan_2-A",2012-08-16,"Cowan_2-A","Reservoir",39.38853,-83.917838,NA,NA,0
"326","20120816-Cowan_2-B",2012-08-16,"Cowan_2-B","Reservoir",39.38853,-83.917838,NA,NA,0
"327","20120816-Dillon",2012-08-16,"Dillon","Reservoir",39.994716,-82.084202,NA,NA,0
"328","20120816-E_Fork_2",2012-08-16,"E_Fork_2","Reservoir",39.019417,-84.153398,NA,NA,0
"329","20120816-East_Fork_(1)",2012-08-16,"East_Fork_(1)","Reservoir",39.019417,-84.153398,NA,NA,0
"330","20120816-Stonelick_1",2012-08-16,"Stonelick_1","Reservoir",39.216798,-84.082854,NA,NA,0
"331","20120816-Stonelick_2",2012-08-16,"Stonelick_2","Reservoir",39.216798,-84.082854,NA,NA,0
"332","20120817-Rush_Creek",2012-08-17,"Rush_Creek","Reservoir",39.789556,-82.414036,NA,NA,0
"333","20120817-Rusk_Creek",2012-08-17,"Rusk_Creek","Reservoir",39.789556,-82.414036,NA,NA,0
"334","20120821-Alum_Creek_Lake_Dam-A",2012-08-21,"Alum_Creek_Lake_Dam-A","Reservoir",40.190943,-82.96255,NA,NA,0
"335","20120821-Alum_Creek_Lake_Dam-B",2012-08-21,"Alum_Creek_Lake_Dam-B","Reservoir",40.190943,-82.96255,NA,NA,0
"336","20120821-Delaware_Dam-A",2012-08-21,"Delaware_Dam-A","Reservoir",40.362465,-83.068877,NA,NA,0
"337","20120821-Delaware_Dam-B",2012-08-21,"Delaware_Dam-B","Reservoir",40.362465,-83.068877,NA,NA,0
"338","20120821-Hammertown_(lower)",2012-08-21,"Hammertown_(lower)","Reservoir",39.055314,-82.683159,NA,NA,0
"339","20120821-Hammertown_Lower",2012-08-21,"Hammertown_Lower","Reservoir",39.055314,-82.683159,NA,NA,0
"340","20120821-Hoover_Dam-A",2012-08-21,"Hoover_Dam-A","Reservoir",40.114113,-82.881026,NA,NA,0
"341","20120821-Hoover_Dam-B",2012-08-21,"Hoover_Dam-B","Reservoir",40.114113,-82.881026,NA,NA,0
"342","20120821-Knox_Dam",2012-08-21,"Knox_Dam","Reservoir",40.495508,-82.524308,NA,NA,0
"343","20120821-Kokosing_Dam-A",2012-08-21,"Kokosing_Dam-A","Reservoir",40.507006,-82.580183,NA,NA,0
"344","20120821-Kokosing_Dam-B",2012-08-21,"Kokosing_Dam-B","Reservoir",40.507006,-82.580183,NA,NA,0
"345","20120821-Lake_Rupert_Lower-A",2012-08-21,"Lake_Rupert_Lower-A","Reservoir",39.178063,-82.519861,NA,NA,0
"346","20120821-Lake_Rupert_Lower-B",2012-08-21,"Lake_Rupert_Lower-B","Reservoir",39.178063,-82.519861,NA,NA,0
"347","20120821-Snowden_Lower-A",2012-08-21,"Snowden_Lower-A","Reservoir",39.250497,-82.1899,NA,NA,0
"348","20120821-Snowden_Lower-B",2012-08-21,"Snowden_Lower-B","Reservoir",39.250497,-82.1899,NA,NA,0
"349","20120822-Deer_Creek_Dam-A",2012-08-22,"Deer_Creek_Dam-A","Reservoir",39.624075,-83.221468,NA,NA,0
"350","20120822-Deer_Creek_Dam-B",2012-08-22,"Deer_Creek_Dam-B","Reservoir",39.624075,-83.221468,NA,NA,0
"351","20120822-Snowden",2012-08-22,"Snowden","Reservoir",39.250497,-82.1899,NA,NA,0
"352","20120823-Kiser-A",2012-08-23,"Kiser-A","Reservoir",40.194528,-83.97968,NA,NA,0
"353","20120823-Kiser-B",2012-08-23,"Kiser-B","Reservoir",40.194528,-83.97968,NA,NA,0
"354","20120827-Tappan_1-A",2012-08-27,"Tappan_1-A","Reservoir",40.356409,-81.22025,NA,NA,0
"355","20120827-Tappan_1-B",2012-08-27,"Tappan_1-B","Reservoir",40.356409,-81.22025,NA,NA,0
"356","20120911-Burr_Oak_(1)",2012-09-11,"Burr_Oak_(1)","Reservoir",39.542322,-82.055252,NA,NA,0
"357","20120911-Snowden_(1)",2012-09-11,"Snowden_(1)","Reservoir",39.250497,-82.1899,NA,NA,0
"358","20120912-Findlay_2_WQ",2012-09-12,"Findlay_2_WQ","Reservoir",41.020428,-83.572988,NA,NA,0
"359","20120912-Findlay_Res2_WQ",2012-09-12,"Findlay_Res2_WQ","Reservoir",41.020428,-83.572988,NA,NA,0
"360","20120912-Pleasant_Hill_WQ-A",2012-09-12,"Pleasant_Hill_WQ-A","Reservoir",40.627165,-82.324132,NA,NA,0
"361","20120912-Pleasant_Hill_WQ-B",2012-09-12,"Pleasant_Hill_WQ-B","Reservoir",40.627165,-82.324132,NA,NA,0
"362","20120918-Dillon_Dam-A",2012-09-18,"Dillon_Dam-A","Reservoir",39.994716,-82.084202,NA,NA,0
"363","20120918-Dillon_Dam-B",2012-09-18,"Dillon_Dam-B","Reservoir",39.994716,-82.084202,NA,NA,0
"364","20120918-Rush_Creek_Dam",2012-09-18,"Rush_Creek_Dam","Reservoir",39.789556,-82.414036,NA,NA,0
"365","20120919-Alum_Creek_Lake_Dam-A",2012-09-19,"Alum_Creek_Lake_Dam-A","Reservoir",40.190943,-82.96255,NA,NA,0
"366","20120919-Alum_Creek_Lake_Dam-B",2012-09-19,"Alum_Creek_Lake_Dam-B","Reservoir",40.190943,-82.96255,NA,NA,0
"367","20120919-Delaware_Dam-A",2012-09-19,"Delaware_Dam-A","Reservoir",40.362465,-83.068877,NA,NA,0
"368","20120919-Delaware_Dam-B",2012-09-19,"Delaware_Dam-B","Reservoir",40.362465,-83.068877,NA,NA,0
"369","20120924-Tappan_1-A",2012-09-24,"Tappan_1-A","Reservoir",40.356409,-81.22025,NA,NA,0
"370","20120924-Tappan_1-B",2012-09-24,"Tappan_1-B","Reservoir",40.356409,-81.22025,NA,NA,0
"371","20120926-Berlin_3",2012-09-26,"Berlin_3","Reservoir",41.044204,-81.003526,NA,NA,0
"372","20120926-Berlin_Res_3",2012-09-26,"Berlin_Res_3","Reservoir",41.044204,-81.003526,NA,NA,0
"373","20120927-Kiser_(Dam)",2012-09-27,"Kiser_(Dam)","Reservoir",40.194528,-83.97968,NA,NA,0
"374","20121004-GLSM_Dam",2012-10-04,"GLSM_Dam","Reservoir",40.524494,-84.428845,NA,NA,0
"375","20130415-Dillon-A",2013-04-15,"Dillon-A","Reservoir",39.994716,-82.084202,NA,NA,0
"376","20130415-Dillon-B",2013-04-15,"Dillon-B","Reservoir",39.994716,-82.084202,NA,NA,0
"377","20130415-Mosquito",2013-04-15,"Mosquito","Reservoir",41.311782,-80.755009,NA,NA,0
"378","20130417-Findlay_2-A",2013-04-17,"Findlay_2-A","Reservoir",41.020428,-83.572988,NA,NA,0
"379","20130417-Findlay_2-B",2013-04-17,"Findlay_2-B","Reservoir",41.020428,-83.572988,NA,NA,0
"380","20130417-Findlay_Res_2-A",2013-04-17,"Findlay_Res_2-A","Reservoir",41.020428,-83.572988,NA,NA,0
"381","20130417-Findlay_Res_2-B",2013-04-17,"Findlay_Res_2-B","Reservoir",41.020428,-83.572988,NA,NA,0
"382","20130417-Pleasant_Hill-A",2013-04-17,"Pleasant_Hill-A","Reservoir",40.627165,-82.324132,NA,NA,0
"383","20130417-Pleasant_Hill-B",2013-04-17,"Pleasant_Hill-B","Reservoir",40.627165,-82.324132,NA,NA,0
"384","20130419-Willard",2013-04-19,"Willard","Reservoir",41.063275,-82.662544,NA,NA,0
"385","20130421-Berlin",2013-04-21,"Berlin","Reservoir",41.044204,-81.003526,NA,NA,0
"386","20130421-Mosquito",2013-04-21,"Mosquito","Reservoir",41.311782,-80.755009,NA,NA,0
"387","20130422-Alum-A",2013-04-22,"Alum-A","Reservoir",40.190943,-82.96255,NA,NA,0
"388","20130422-Alum-B",2013-04-22,"Alum-B","Reservoir",40.190943,-82.96255,NA,NA,0
"389","20130422-Delaware-A",2013-04-22,"Delaware-A","Reservoir",40.362465,-83.068877,NA,NA,0
"390","20130422-Delaware-B",2013-04-22,"Delaware-B","Reservoir",40.362465,-83.068877,NA,NA,0
"391","20130422-Delphos",2013-04-22,"Delphos","Reservoir",40.879415,-84.364513,NA,NA,0
"392","20130422-Findlay_#2",2013-04-22,"Findlay_#2","Reservoir",41.020428,-83.572988,NA,NA,0
"393","20130422-Findlay_#2_5",2013-04-22,"Findlay_#2_5","Reservoir",41.020428,-83.572988,NA,NA,0
"394","20130422-Hoover-A",2013-04-22,"Hoover-A","Reservoir",40.114113,-82.881026,NA,NA,0
"395","20130422-Hoover-B",2013-04-22,"Hoover-B","Reservoir",40.114113,-82.881026,NA,NA,0
"396","20130422-LeComte",2013-04-22,"LeComte","Reservoir",41.120706,-83.44357,NA,NA,0
"397","20130422-Piedmont",2013-04-22,"Piedmont","Reservoir",40.187121,-81.215699,NA,NA,0
"398","20130422-Raccoon",2013-04-22,"Raccoon","Reservoir",41.290113,-82.978627,NA,NA,0
"399","20130423-Atwood",2013-04-23,"Atwood","Reservoir",40.528103,-81.281297,NA,NA,0
"400","20130423-Buckeye",2013-04-23,"Buckeye","Reservoir",39.908079,-82.520173,NA,NA,0
"401","20130423-Hoover",2013-04-23,"Hoover","Reservoir",40.114113,-82.881026,NA,NA,0
"402","20130423-Hoover_5",2013-04-23,"Hoover_5","Reservoir",40.114113,-82.881026,NA,NA,0
"403","20130423-Pleasant_Hill-A",2013-04-23,"Pleasant_Hill-A","Reservoir",40.627165,-82.324132,NA,NA,0
"404","20130423-Pleasant_Hill-B",2013-04-23,"Pleasant_Hill-B","Reservoir",40.627165,-82.324132,NA,NA,0
"405","20130424-Berlin",2013-04-24,"Berlin","Reservoir",41.044204,-81.003526,NA,NA,0
"406","20130424-Mosquito",2013-04-24,"Mosquito","Reservoir",41.311782,-80.755009,NA,NA,0
"407","20130426-80305-A",2013-04-26,"80305-A","Reservoir",41.044204,-81.003526,NA,NA,0
"408","20130426-80305-B",2013-04-26,"80305-B","Reservoir",41.044204,-81.003526,NA,NA,0
"409","20130426-Willard",2013-04-26,"Willard","Reservoir",41.063275,-82.662544,NA,NA,0
"410","20130429-Atwood",2013-04-29,"Atwood","Reservoir",40.528103,-81.281297,NA,NA,0
"411","20130429-Berlin",2013-04-29,"Berlin","Reservoir",41.044204,-81.003526,NA,NA,0
"412","20130429-Delphos",2013-04-29,"Delphos","Reservoir",40.879415,-84.364513,NA,NA,0
"413","20130429-Findlay_#2",2013-04-29,"Findlay_#2","Reservoir",41.020428,-83.572988,NA,NA,0
"414","20130429-Findlay_#2_5",2013-04-29,"Findlay_#2_5","Reservoir",41.020428,-83.572988,NA,NA,0
"415","20130429-LeComte",2013-04-29,"LeComte","Reservoir",41.120706,-83.44357,NA,NA,0
"416","20130429-Mosquito",2013-04-29,"Mosquito","Reservoir",41.311782,-80.755009,NA,NA,0
"417","20130429-Piedmont",2013-04-29,"Piedmont","Reservoir",40.187121,-81.215699,NA,NA,0
"418","20130429-Raccoon",2013-04-29,"Raccoon","Reservoir",41.290113,-82.978627,NA,NA,0
"419","20130429-Tappan-A",2013-04-29,"Tappan-A","Reservoir",40.356409,-81.22025,NA,NA,0
"420","20130429-Tappan-B",2013-04-29,"Tappan-B","Reservoir",40.356409,-81.22025,NA,NA,0
"421","20130430-Buckeye",2013-04-30,"Buckeye","Reservoir",39.908079,-82.520173,NA,NA,0
"422","20130430-Hoover",2013-04-30,"Hoover","Reservoir",40.114113,-82.881026,NA,NA,0
"423","20130430-Hoover_5",2013-04-30,"Hoover_5","Reservoir",40.114113,-82.881026,NA,NA,0
"424","20130505-Pleasant_Hill",2013-05-05,"Pleasant_Hill","Reservoir",40.627165,-82.324132,NA,NA,0
"425","20130513-Delaware-A",2013-05-13,"Delaware-A","Reservoir",40.362465,-83.068877,NA,NA,0
"426","20130513-Delaware-B",2013-05-13,"Delaware-B","Reservoir",40.362465,-83.068877,NA,NA,0
"427","20130513-Dillon",2013-05-13,"Dillon","Reservoir",39.994716,-82.084202,NA,NA,0
"428","20130513-Findlay_2-A",2013-05-13,"Findlay_2-A","Reservoir",41.020428,-83.572988,NA,NA,0
"429","20130513-Findlay_2-B",2013-05-13,"Findlay_2-B","Reservoir",41.020428,-83.572988,NA,NA,0
"430","20130513-Findlay_#2",2013-05-13,"Findlay_#2","Reservoir",41.020428,-83.572988,NA,NA,0
"431","20130513-Findlay_#2_5",2013-05-13,"Findlay_#2_5","Reservoir",41.020428,-83.572988,NA,NA,0
"432","20130515-Pleasant_Hill",2013-05-15,"Pleasant_Hill","Reservoir",40.627165,-82.324132,NA,NA,0
"433","20130516-Hoover",2013-05-16,"Hoover","Reservoir",40.114113,-82.881026,NA,NA,0
"434","20130516-Hoover_5",2013-05-16,"Hoover_5","Reservoir",40.114113,-82.881026,NA,NA,0
"435","20130528-Findlay_#2",2013-05-28,"Findlay_#2","Reservoir",41.020428,-83.572988,NA,NA,0
"436","20130528-Findlay_#2_5",2013-05-28,"Findlay_#2_5","Reservoir",41.020428,-83.572988,NA,NA,0
"437","20130528-Hoover-A",2013-05-28,"Hoover-A","Reservoir",40.114113,-82.881026,NA,NA,0
"438","20130528-Hoover-B",2013-05-28,"Hoover-B","Reservoir",40.114113,-82.881026,NA,NA,0
"439","20130528-Hoover",2013-05-28,"Hoover","Reservoir",40.114113,-82.881026,NA,NA,0
"440","20130528-Hoover_5",2013-05-28,"Hoover_5","Reservoir",40.114113,-82.881026,NA,NA,0
"441","20130528-Tappan-A",2013-05-28,"Tappan-A","Reservoir",40.356409,-81.22025,NA,NA,0
"442","20130528-Tappan-B",2013-05-28,"Tappan-B","Reservoir",40.356409,-81.22025,NA,NA,0
"443","20130530-Alum-A",2013-05-30,"Alum-A","Reservoir",40.190943,-82.96255,NA,NA,0
"444","20130530-Alum-B",2013-05-30,"Alum-B","Reservoir",40.190943,-82.96255,NA,NA,0
"445","20130530-Berlin-A",2013-05-30,"Berlin-A","Reservoir",41.044204,-81.003526,NA,NA,0
"446","20130530-Berlin-B",2013-05-30,"Berlin-B","Reservoir",41.044204,-81.003526,NA,NA,0
"447","20130611-Findlay_#2",2013-06-11,"Findlay_#2","Reservoir",41.020428,-83.572988,NA,NA,0
"448","20130611-Findlay_#2_5",2013-06-11,"Findlay_#2_5","Reservoir",41.020428,-83.572988,NA,NA,0
"449","20130611-Hoover",2013-06-11,"Hoover","Reservoir",40.114113,-82.881026,NA,NA,0
"450","20130611-Hoover_5",2013-06-11,"Hoover_5","Reservoir",40.114113,-82.881026,NA,NA,0
"451","20130613-Delaware",2013-06-13,"Delaware","Reservoir",40.362465,-83.068877,NA,NA,0
"452","20130614-Alum-A",2013-06-14,"Alum-A","Reservoir",40.190943,-82.96255,NA,NA,0
"453","20130614-Alum-B",2013-06-14,"Alum-B","Reservoir",40.190943,-82.96255,NA,NA,0
"454","20130614-Delaware",2013-06-14,"Delaware","Reservoir",40.362465,-83.068877,NA,NA,0
"455","20130614-Hoover-A",2013-06-14,"Hoover-A","Reservoir",40.114113,-82.881026,NA,NA,0
"456","20130614-Hoover-B",2013-06-14,"Hoover-B","Reservoir",40.114113,-82.881026,NA,NA,0
"457","20130617-Dillon-A",2013-06-17,"Dillon-A","Reservoir",39.994716,-82.084202,NA,NA,0
"458","20130617-Dillon-B",2013-06-17,"Dillon-B","Reservoir",39.994716,-82.084202,NA,NA,0
"459","20130617-Pleasant_Hill-A",2013-06-17,"Pleasant_Hill-A","Reservoir",40.627165,-82.324132,NA,NA,0
"460","20130617-Pleasant_Hill-B",2013-06-17,"Pleasant_Hill-B","Reservoir",40.627165,-82.324132,NA,NA,0
"461","20130619-Findlay_2-A",2013-06-19,"Findlay_2-A","Reservoir",41.020428,-83.572988,NA,NA,0
"462","20130619-Findlay_2-B",2013-06-19,"Findlay_2-B","Reservoir",41.020428,-83.572988,NA,NA,0
"463","20130625-Findlay_#2",2013-06-25,"Findlay_#2","Reservoir",41.020428,-83.572988,NA,NA,0
"464","20130625-Findlay_#2_5",2013-06-25,"Findlay_#2_5","Reservoir",41.020428,-83.572988,NA,NA,0
"465","20130625-Hoover",2013-06-25,"Hoover","Reservoir",40.114113,-82.881026,NA,NA,0
"466","20130625-Hoover_5",2013-06-25,"Hoover_5","Reservoir",40.114113,-82.881026,NA,NA,0
"467","20130626-80305-A",2013-06-26,"80305-A","Reservoir",41.044204,-81.003526,NA,NA,0
"468","20130626-80305-B",2013-06-26,"80305-B","Reservoir",41.044204,-81.003526,NA,NA,0
"469","20130628-Tappan-A",2013-06-28,"Tappan-A","Reservoir",40.356409,-81.22025,NA,NA,0
"470","20130628-Tappan-B",2013-06-28,"Tappan-B","Reservoir",40.356409,-81.22025,NA,NA,0
"471","20130708-Findlay_#2",2013-07-08,"Findlay_#2","Reservoir",41.020428,-83.572988,NA,NA,0
"472","20130708-Findlay_#2_5",2013-07-08,"Findlay_#2_5","Reservoir",41.020428,-83.572988,NA,NA,0
"473","20130709-Hoover",2013-07-09,"Hoover","Reservoir",40.114113,-82.881026,NA,NA,0
"474","20130715-Dillon-A",2013-07-15,"Dillon-A","Reservoir",39.994716,-82.084202,NA,NA,0
"475","20130715-Dillon-B",2013-07-15,"Dillon-B","Reservoir",39.994716,-82.084202,NA,NA,0
"476","20130715-Alma_Outflow-A",2013-07-15,"Alma_Outflow-A","Reservoir",39.145921,-82.512156,NA,NA,0
"477","20130715-Alma_Outflow-B",2013-07-15,"Alma_Outflow-B","Reservoir",39.145921,-82.512156,NA,NA,0
"478","20130717-Burr_Oak",2013-07-17,"Burr_Oak","Reservoir",39.542322,-82.055252,NA,NA,0
"479","20130717-Findlay_2",2013-07-17,"Findlay_2","Reservoir",41.020428,-83.572988,NA,NA,0
"480","20130723-Lake_LeComte",2013-07-23,"Lake_LeComte","Reservoir",41.120706,-83.44357,NA,NA,0
"481","20130724-Bresler",2013-07-24,"Bresler","Reservoir",40.737784,-84.232962,NA,NA,0
"482","20130724-Metzger",2013-07-24,"Metzger","Reservoir",40.741492,-84.049187,NA,NA,0
"483","20130725-Alum_Creek_Lake_Dam-A",2013-07-25,"Alum_Creek_Lake_Dam-A","Reservoir",40.190943,-82.96255,NA,NA,0
"484","20130725-Alum_Creek_Lake_Dam-B",2013-07-25,"Alum_Creek_Lake_Dam-B","Reservoir",40.190943,-82.96255,NA,NA,0
"485","20130725-Delaware_Dam-A",2013-07-25,"Delaware_Dam-A","Reservoir",40.362465,-83.068877,NA,NA,0
"486","20130725-Delaware_Dam-B",2013-07-25,"Delaware_Dam-B","Reservoir",40.362465,-83.068877,NA,NA,0
"487","20130725-Hoover_Dam",2013-07-25,"Hoover_Dam","Reservoir",40.114113,-82.881026,NA,NA,0
"488","20130725-Pleasant_Hill",2013-07-25,"Pleasant_Hill","Reservoir",40.627165,-82.324132,NA,NA,0
"489","20130725-Tappan",2013-07-25,"Tappan","Reservoir",40.356409,-81.22025,NA,NA,0
"490","20130729-East",2013-07-29,"East","Reservoir",39.019417,-84.153398,NA,NA,0
"491","20130729-Long",2013-07-29,"Long","Reservoir",40.666611,-82.135671,NA,NA,0
"492","20130729-Upper_Sandusky",2013-07-29,"Upper_Sandusky","Reservoir",40.821002,-83.270838,NA,NA,0
"493","20130730-Lake_Vesuvius-A",2013-07-30,"Lake_Vesuvius-A","Reservoir",38.60711,-82.63097,NA,NA,0
"494","20130730-Lake_Vesuvius-B",2013-07-30,"Lake_Vesuvius-B","Reservoir",38.60711,-82.63097,NA,NA,0
"495","20130731-Powers-A",2013-07-31,"Powers-A","Reservoir",40.719685,-82.80405,NA,NA,0
"496","20130731-Powers-B",2013-07-31,"Powers-B","Reservoir",40.719685,-82.80405,NA,NA,0
"497","20130731-Riley-A",2013-07-31,"Riley-A","Reservoir",40.829917,-82.932106,NA,NA,0
"498","20130731-Riley-B",2013-07-31,"Riley-B","Reservoir",40.829917,-82.932106,NA,NA,0
"499","20140417-Alum_Creek_Rep_1",2014-04-17,"Alum_Creek_Rep_1","Reservoir",40.190943,-82.96255,NA,NA,0
"500","20140417-Hoover_Rep_1",2014-04-17,"Hoover_Rep_1","Reservoir",40.114113,-82.881026,NA,NA,0
"501","20140417-Hoover_Rep_5",2014-04-17,"Hoover_Rep_5","Reservoir",40.114113,-82.881026,NA,NA,0
"502","20140418-Pleasant_Hill_Rep_1",2014-04-18,"Pleasant_Hill_Rep_1","Reservoir",40.627165,-82.324132,NA,NA,0
"503","20140421-Delphos-Gillmore_Rep_1",2014-04-21,"Delphos-Gillmore_Rep_1","Reservoir",40.879415,-84.364513,NA,NA,0
"504","20140421-Paulding_Rep_1",2014-04-21,"Paulding_Rep_1","Reservoir",41.122041,-84.586739,NA,NA,0
"505","20140421-Wauseon_Res_2_Rep_1",2014-04-21,"Wauseon_Res_2_Rep_1","Reservoir",41.513303,-84.148122,NA,NA,0
"506","20140423-Berlin_Rep_1",2014-04-23,"Berlin_Rep_1","Reservoir",41.044204,-81.003526,NA,NA,0
"507","20140423-Mosquito_Rep_1",2014-04-23,"Mosquito_Rep_1","Reservoir",41.311782,-80.755009,NA,NA,0
"508","20140423-Seneca_Lake",2014-04-23,"Seneca_Lake","Reservoir",39.924788,-81.431984,NA,NA,0
"509","20140424-Alum_Creek_Rep_1",2014-04-24,"Alum_Creek_Rep_1","Reservoir",40.190943,-82.96255,NA,NA,0
"510","20140424-Findlay_2_Rep_1",2014-04-24,"Findlay_2_Rep_1","Reservoir",41.020428,-83.572988,NA,NA,0
"511","20140424-Findlay_2_Rep_5",2014-04-24,"Findlay_2_Rep_5","Reservoir",41.020428,-83.572988,NA,NA,0
"512","20140424-Hoover_Rep_1",2014-04-24,"Hoover_Rep_1","Reservoir",40.114113,-82.881026,NA,NA,0
"513","20140424-Hoover_Rep_5",2014-04-24,"Hoover_Rep_5","Reservoir",40.114113,-82.881026,NA,NA,0
"514","20140424-New_London_Rep_1",2014-04-24,"New_London_Rep_1","Reservoir",41.068046,-82.432871,NA,NA,0
"515","20140424-Pleasant_Hill_Rep_1",2014-04-24,"Pleasant_Hill_Rep_1","Reservoir",40.627165,-82.324132,NA,NA,0
"516","20140425-Berlin_Rep_1",2014-04-25,"Berlin_Rep_1","Reservoir",41.044204,-81.003526,NA,NA,0
"517","20140425-Bresler_Rep_1",2014-04-25,"Bresler_Rep_1","Reservoir",40.737784,-84.232962,NA,NA,0
"518","20140425-Mosquito_Rep_1",2014-04-25,"Mosquito_Rep_1","Reservoir",41.311782,-80.755009,NA,NA,0
"519","20140428-Indian_Rep_1",2014-04-28,"Indian_Rep_1","Reservoir",40.47316,-83.873143,NA,NA,0
"520","20140428-Wauseon_Rep_1",2014-04-28,"Wauseon_Rep_1","Reservoir",41.513303,-84.148122,NA,NA,0
"521","20140429-Delphos-Gillmore_Rep_1",2014-04-29,"Delphos-Gillmore_Rep_1","Reservoir",40.879415,-84.364513,NA,NA,0
"522","20140429-Paulding_Rep_1",2014-04-29,"Paulding_Rep_1","Reservoir",41.122041,-84.586739,NA,NA,0
"523","20140430-Seneca_Rep_1",2014-04-30,"Seneca_Rep_1","Reservoir",39.924788,-81.431984,NA,NA,0
"524","20140501-Findlay_2_Rep_1",2014-05-01,"Findlay_2_Rep_1","Reservoir",41.020428,-83.572988,NA,NA,0
"525","20140501-Findlay_2_Rep_5",2014-05-01,"Findlay_2_Rep_5","Reservoir",41.020428,-83.572988,NA,NA,0
"526","20140501-New_London_Rep_1",2014-05-01,"New_London_Rep_1","Reservoir",41.068046,-82.432871,NA,NA,0
"527","20140502-Berlin_Rep_1",2014-05-02,"Berlin_Rep_1","Reservoir",41.044204,-81.003526,NA,NA,0
"528","20140502-Bresler_Rep_1",2014-05-02,"Bresler_Rep_1","Reservoir",40.737784,-84.232962,NA,NA,0
"529","20140502-Mosquito_Rep_1",2014-05-02,"Mosquito_Rep_1","Reservoir",41.311782,-80.755009,NA,NA,0
"530","20140505-Indian_Rep_1",2014-05-05,"Indian_Rep_1","Reservoir",40.47316,-83.873143,NA,NA,0
"531","20140509-Hoover_Rep_1",2014-05-09,"Hoover_Rep_1","Reservoir",40.114113,-82.881026,NA,NA,0
"532","20140509-Indian_Rep_1",2014-05-09,"Indian_Rep_1","Reservoir",40.47316,-83.873143,NA,NA,0
"533","20140515-Findlay_2_Rep_1",2014-05-15,"Findlay_2_Rep_1","Reservoir",41.020428,-83.572988,NA,NA,0
"534","20140515-Findlay_2_Rep_5",2014-05-15,"Findlay_2_Rep_5","Reservoir",41.020428,-83.572988,NA,NA,0
"535","20140523-Hoover_Rep_1",2014-05-23,"Hoover_Rep_1","Reservoir",40.114113,-82.881026,NA,NA,0
"536","20140523-Hoover_Rep_5",2014-05-23,"Hoover_Rep_5","Reservoir",40.114113,-82.881026,NA,NA,0
"537","20140529-Findlay_2_Rep_1",2014-05-29,"Findlay_2_Rep_1","Reservoir",41.020428,-83.572988,NA,NA,0
"538","20140529-Findlay_2_Rep_5",2014-05-29,"Findlay_2_Rep_5","Reservoir",41.020428,-83.572988,NA,NA,0
"539","20140605-Hoover_Rep_1",2014-06-05,"Hoover_Rep_1","Reservoir",40.114113,-82.881026,NA,NA,0
"540","20140605-Hoover_Rep_5",2014-06-05,"Hoover_Rep_5","Reservoir",40.114113,-82.881026,NA,NA,0
"541","20140612-Findlay_2_Rep_1",2014-06-12,"Findlay_2_Rep_1","Reservoir",41.020428,-83.572988,NA,NA,0
"542","20140612-Findlay_2_Rep_5",2014-06-12,"Findlay_2_Rep_5","Reservoir",41.020428,-83.572988,NA,NA,0
"543","20140620-Hoover_Rep_1",2014-06-20,"Hoover_Rep_1","Reservoir",40.114113,-82.881026,NA,NA,0
"544","20140620-Hoover_Rep_5",2014-06-20,"Hoover_Rep_5","Reservoir",40.114113,-82.881026,NA,NA,0
"545","20140626-Findlay_2_Rep_1",2014-06-26,"Findlay_2_Rep_1","Reservoir",41.020428,-83.572988,NA,NA,0
"546","20140626-Findlay_2_Rep_5",2014-06-26,"Findlay_2_Rep_5","Reservoir",41.020428,-83.572988,NA,NA,0
"547","20140702-Hoover_Rep_1",2014-07-02,"Hoover_Rep_1","Reservoir",40.114113,-82.881026,NA,NA,0
"548","20140702-Hoover_Rep_5",2014-07-02,"Hoover_Rep_5","Reservoir",40.114113,-82.881026,NA,NA,0
"549","20140702-Hoover_Rep_6",2014-07-02,"Hoover_Rep_6","Reservoir",40.114113,-82.881026,NA,NA,0
"550","20140702-Hoover_Rep_8",2014-07-02,"Hoover_Rep_8","Reservoir",40.114113,-82.881026,NA,NA,0
"551","20140710-Findlay_2_Rep_1",2014-07-10,"Findlay_2_Rep_1","Reservoir",41.020428,-83.572988,NA,NA,0
"552","20140710-Findlay_2_Rep_5",2014-07-10,"Findlay_2_Rep_5","Reservoir",41.020428,-83.572988,NA,NA,0
"553","20150417-Berlin_rep_3",2015-04-17,"Berlin_rep_3","Reservoir",41.044204,-81.003526,NA,NA,0
"554","20150420-Caesar_Creek_rep_1",2015-04-20,"Caesar_Creek_rep_1","Reservoir",39.486941,-84.057291,NA,NA,0
"555","20150421-Hoover_rep_2",2015-04-21,"Hoover_rep_2","Reservoir",40.114113,-82.881026,NA,NA,0
"556","20150421-Hoover_rep_3",2015-04-21,"Hoover_rep_3","Reservoir",40.114113,-82.881026,NA,NA,0
"557","20150423-Mosquito_rep_1",2015-04-23,"Mosquito_rep_1","Reservoir",41.311782,-80.755009,NA,NA,0
"558","20150423-Piedmont_rep_3",2015-04-23,"Piedmont_rep_3","Reservoir",40.187121,-81.215699,NA,NA,0
"559","20150424-Berlin_rep_2",2015-04-24,"Berlin_rep_2","Reservoir",41.044204,-81.003526,NA,NA,0
"560","20150428-Hoover_rep_2",2015-04-28,"Hoover_rep_2","Reservoir",40.114113,-82.881026,NA,NA,0
"561","20150428-Hoover_rep_3",2015-04-28,"Hoover_rep_3","Reservoir",40.114113,-82.881026,NA,NA,0
"562","20150429-Atwood_rep_1",2015-04-29,"Atwood_rep_1","Reservoir",40.528103,-81.281297,NA,NA,0
"563","20150430-Mosquito_rep_4",2015-04-30,"Mosquito_rep_4","Reservoir",41.311782,-80.755009,NA,NA,0
"564","20150430-Piedmont_rep_1",2015-04-30,"Piedmont_rep_1","Reservoir",40.187121,-81.215699,NA,NA,0
"565","20150505-Atwood_rep_2",2015-05-05,"Atwood_rep_2","Reservoir",40.528103,-81.281297,NA,NA,0
"566","20150512-Hoover_rep_1",2015-05-12,"Hoover_rep_1","Reservoir",40.114113,-82.881026,NA,NA,0
"567","20150512-Hoover_rep_3",2015-05-12,"Hoover_rep_3","Reservoir",40.114113,-82.881026,NA,NA,0
"568","20150528-Hoover_rep_1",2015-05-28,"Hoover_rep_1","Reservoir",40.114113,-82.881026,NA,NA,0
"569","20150528-Hoover_rep_3",2015-05-28,"Hoover_rep_3","Reservoir",40.114113,-82.881026,NA,NA,0
"570","20150609-Hoover_rep_2",2015-06-09,"Hoover_rep_2","Reservoir",40.114113,-82.881026,NA,NA,0
"571","20150609-Hoover_rep_3",2015-06-09,"Hoover_rep_3","Reservoir",40.114113,-82.881026,NA,NA,0
"572","20150625-Hoover_rep_1",2015-06-25,"Hoover_rep_1","Reservoir",40.114113,-82.881026,NA,NA,0
"573","20150625-Hoover_rep_3",2015-06-25,"Hoover_rep_3","Reservoir",40.114113,-82.881026,NA,NA,0
"574","20150707-Hoover_rep_1",2015-07-07,"Hoover_rep_1","Reservoir",40.114113,-82.881026,NA,NA,0
"575","20150707-Hoover_rep_2",2015-07-07,"Hoover_rep_2","Reservoir",40.114113,-82.881026,NA,NA,0
"576","20160401-Berlin_rep_4",2016-04-01,"Berlin_rep_4","Reservoir",41.044204,-81.003526,NA,NA,0
"577","20160404-Indian_Lake_rep_3",2016-04-04,"Indian_Lake_rep_3","Reservoir",40.47316,-83.873143,NA,NA,0
"578","20160404-Pleasant_Hill_rep_1",2016-04-04,"Pleasant_Hill_rep_1","Reservoir",40.627165,-82.324132,NA,NA,0
"579","20160407-Berlin_rep_1",2016-04-07,"Berlin_rep_1","Reservoir",41.044204,-81.003526,NA,NA,0
"580","20160407-Mosquito_rep_1",2016-04-07,"Mosquito_rep_1","Reservoir",41.311782,-80.755009,NA,NA,0
"581","20160408-Seneca_rep_2",2016-04-08,"Seneca_rep_2","Reservoir",39.924788,-81.431984,NA,NA,0
"582","20160411-Indian_Lake_rep_1",2016-04-11,"Indian_Lake_rep_1","Reservoir",40.47316,-83.873143,NA,NA,0
"583","20160411-Pleasant_Hill_rep_3",2016-04-11,"Pleasant_Hill_rep_3","Reservoir",40.627165,-82.324132,NA,NA,0
"584","20160414-Berlin_rep_1",2016-04-14,"Berlin_rep_1","Reservoir",41.044204,-81.003526,NA,NA,0
"585","20160414-Mosquito_rep_1",2016-04-14,"Mosquito_rep_1","Reservoir",41.311782,-80.755009,NA,NA,0
"586","20160415-Seneca_rep_1",2016-04-15,"Seneca_rep_1","Reservoir",39.924788,-81.431984,NA,NA,0
"587","20160427-Alum_Creek_L._rep_3",2016-04-27,"Alum_Creek_L._rep_3","Reservoir",40.190943,-82.96255,NA,NA,0
"588","20160427-Hoover_rep_1",2016-04-27,"Hoover_rep_1","Reservoir",40.114113,-82.881026,NA,NA,0
"589","20160427-Hoover_rep_3",2016-04-27,"Hoover_rep_3","Reservoir",40.114113,-82.881026,NA,NA,0
"590","20160505-Alum_Creek_L._rep_2",2016-05-05,"Alum_Creek_L._rep_2","Reservoir",40.190943,-82.96255,NA,NA,0
"591","20160505-Hoover_rep_1",2016-05-05,"Hoover_rep_1","Reservoir",40.114113,-82.881026,NA,NA,0
"592","20160505-Hoover_rep_2",2016-05-05,"Hoover_rep_2","Reservoir",40.114113,-82.881026,NA,NA,0
"593","20160519-Alum_Creek_L._rep_3",2016-05-19,"Alum_Creek_L._rep_3","Reservoir",40.190943,-82.96255,NA,NA,0
"594","20160519-Hoover_rep_1",2016-05-19,"Hoover_rep_1","Reservoir",40.114113,-82.881026,NA,NA,0
"595","20160519-Hoover_rep_2",2016-05-19,"Hoover_rep_2","Reservoir",40.114113,-82.881026,NA,NA,0
"596","20160601-Alum_Creek_L._rep_1",2016-06-01,"Alum_Creek_L._rep_1","Reservoir",40.190943,-82.96255,NA,NA,0
"597","20160601-Hoover_rep_1",2016-06-01,"Hoover_rep_1","Reservoir",40.114113,-82.881026,NA,NA,0
"598","20160601-Hoover_rep_2",2016-06-01,"Hoover_rep_2","Reservoir",40.114113,-82.881026,NA,NA,0
"599","20160616-Alum_Creek_L._rep_2",2016-06-16,"Alum_Creek_L._rep_2","Reservoir",40.190943,-82.96255,NA,NA,0
"600","20160616-Hoover_rep_2",2016-06-16,"Hoover_rep_2","Reservoir",40.114113,-82.881026,NA,NA,0
"601","20160616-Hoover_rep_3",2016-06-16,"Hoover_rep_3","Reservoir",40.114113,-82.881026,NA,NA,0
"602","20160628-Alum_Creek_L._rep_2",2016-06-28,"Alum_Creek_L._rep_2","Reservoir",40.190943,-82.96255,NA,NA,0
"603","20160628-Hoover_rep_1",2016-06-28,"Hoover_rep_1","Reservoir",40.114113,-82.881026,NA,NA,0
"604","20160628-Hoover_rep_3",2016-06-28,"Hoover_rep_3","Reservoir",40.114113,-82.881026,NA,NA,0
"605","20160714-Alum_Creek_L._rep_3",2016-07-14,"Alum_Creek_L._rep_3","Reservoir",40.190943,-82.96255,NA,NA,0
"606","20160714-Hoover_rep_1",2016-07-14,"Hoover_rep_1","Reservoir",40.114113,-82.881026,NA,NA,0
"607","20160714-Hoover_rep_3",2016-07-14,"Hoover_rep_3","Reservoir",40.114113,-82.881026,NA,NA,0
